{
  "timestamp": "2026-03-04T14:15:08.499657",
  "config_path": "experiments/configs/paper_final.yaml",
  "jsonl_path": "experiments/results/phase2_patha_scale500_gain_predictor/patha_agent_outputs_20260304_080157.jsonl",
  "n_samples": 1500,
  "seeds": [
    300,
    301,
    302,
    303,
    304,
    305,
    306,
    307,
    308,
    309
  ],
  "trust_scores": {
    "frequency": 0.85,
    "noise": 0.8,
    "fatformer": 0.85,
    "spatial": 0.85
  },
  "results_per_seed": [
    {
      "majority_vote": 0.27492063492063495,
      "weighted_mv": 0.2679873349245971,
      "cobra": 0.26127897967697716,
      "logistic_stacking": 0.8536343830461477,
      "daac_logistic_regression": 0.8565867258456418,
      "daac_gradient_boosting": 0.8562054234097246,
      "daac_mlp": 0.8675056689342404,
      "abl_A1_confidence_only": 0.7880097090830455,
      "abl_A2_verdict_only": 0.789792592266359,
      "abl_A3_disagreement_only": 0.8463889296060624,
      "abl_A4_verdict_confidence": 0.8562593418338803,
      "abl_A5_full": 0.8562054234097246
    },
    {
      "majority_vote": 0.2796945613214898,
      "weighted_mv": 0.2666630183426506,
      "cobra": 0.27123472845846425,
      "logistic_stacking": 0.8316059221239204,
      "daac_logistic_regression": 0.8417747855155809,
      "daac_gradient_boosting": 0.8470392869438749,
      "daac_mlp": 0.83518772178566,
      "abl_A1_confidence_only": 0.7618785165463718,
      "abl_A2_verdict_only": 0.7532520325203252,
      "abl_A3_disagreement_only": 0.847296494355318,
      "abl_A4_verdict_confidence": 0.840786851622506,
      "abl_A5_full": 0.8470392869438749
    },
    {
      "majority_vote": 0.2775707989383203,
      "weighted_mv": 0.2444105403929103,
      "cobra": 0.25345176873928627,
      "logistic_stacking": 0.8480478452383632,
      "daac_logistic_regression": 0.8515101438651227,
      "daac_gradient_boosting": 0.8698722212497811,
      "daac_mlp": 0.8515101438651227,
      "abl_A1_confidence_only": 0.795823199579068,
      "abl_A2_verdict_only": 0.7753836813308932,
      "abl_A3_disagreement_only": 0.8467860119345268,
      "abl_A4_verdict_confidence": 0.8321942947705759,
      "abl_A5_full": 0.8698722212497811
    },
    {
      "majority_vote": 0.31246499622567997,
      "weighted_mv": 0.2776417399675569,
      "cobra": 0.27051824964710625,
      "logistic_stacking": 0.8680914431999359,
      "daac_logistic_regression": 0.8680914431999359,
      "daac_gradient_boosting": 0.8370031871977252,
      "daac_mlp": 0.8680914431999359,
      "abl_A1_confidence_only": 0.8019647462750316,
      "abl_A2_verdict_only": 0.7267121479401424,
      "abl_A3_disagreement_only": 0.8408541967917529,
      "abl_A4_verdict_confidence": 0.8432964157437269,
      "abl_A5_full": 0.8370031871977252
    },
    {
      "majority_vote": 0.26442262739597944,
      "weighted_mv": 0.25457118467789824,
      "cobra": 0.2641455195429571,
      "logistic_stacking": 0.8385159922905571,
      "daac_logistic_regression": 0.8415515594757657,
      "daac_gradient_boosting": 0.8562458144409094,
      "daac_mlp": 0.8548179678614461,
      "abl_A1_confidence_only": 0.7920915783075572,
      "abl_A2_verdict_only": 0.7280788982452467,
      "abl_A3_disagreement_only": 0.8495656203812721,
      "abl_A4_verdict_confidence": 0.8328979414806659,
      "abl_A5_full": 0.8562458144409094
    },
    {
      "majority_vote": 0.2899283607248209,
      "weighted_mv": 0.27328502226834245,
      "cobra": 0.2777102599753345,
      "logistic_stacking": 0.8248748714947135,
      "daac_logistic_regression": 0.8483858148070226,
      "daac_gradient_boosting": 0.8672720352799589,
      "daac_mlp": 0.8375451143173881,
      "abl_A1_confidence_only": 0.8101181320693516,
      "abl_A2_verdict_only": 0.774159331584086,
      "abl_A3_disagreement_only": 0.8599868431255331,
      "abl_A4_verdict_confidence": 0.8671496394132046,
      "abl_A5_full": 0.8672720352799589
    },
    {
      "majority_vote": 0.2737826021408111,
      "weighted_mv": 0.2721716182751143,
      "cobra": 0.27279492265398936,
      "logistic_stacking": 0.8673495703199886,
      "daac_logistic_regression": 0.8606214110264672,
      "daac_gradient_boosting": 0.8937132519222072,
      "daac_mlp": 0.8640221852323879,
      "abl_A1_confidence_only": 0.8161529124138757,
      "abl_A2_verdict_only": 0.7669490282361568,
      "abl_A3_disagreement_only": 0.8733449060467428,
      "abl_A4_verdict_confidence": 0.8933189281127426,
      "abl_A5_full": 0.8937132519222072
    },
    {
      "majority_vote": 0.2578417047761817,
      "weighted_mv": 0.26629712417023726,
      "cobra": 0.25938501335872266,
      "logistic_stacking": 0.8502910592566795,
      "daac_logistic_regression": 0.86035336301008,
      "daac_gradient_boosting": 0.8669314232855821,
      "daac_mlp": 0.8640797865417155,
      "abl_A1_confidence_only": 0.7990726817042607,
      "abl_A2_verdict_only": 0.7438672438672439,
      "abl_A3_disagreement_only": 0.849017317556244,
      "abl_A4_verdict_confidence": 0.8536411430087733,
      "abl_A5_full": 0.8669314232855821
    },
    {
      "majority_vote": 0.25151647406339145,
      "weighted_mv": 0.2534768284100322,
      "cobra": 0.25506812894649383,
      "logistic_stacking": 0.8735982566230822,
      "daac_logistic_regression": 0.8604674192909488,
      "daac_gradient_boosting": 0.8674510931626284,
      "daac_mlp": 0.8666285496474176,
      "abl_A1_confidence_only": 0.8058033049976179,
      "abl_A2_verdict_only": 0.7770868347338936,
      "abl_A3_disagreement_only": 0.8665506202480993,
      "abl_A4_verdict_confidence": 0.8609282947628812,
      "abl_A5_full": 0.8674510931626284
    },
    {
      "majority_vote": 0.2921396521210604,
      "weighted_mv": 0.2879349605010828,
      "cobra": 0.27849867083642094,
      "logistic_stacking": 0.844295227589749,
      "daac_logistic_regression": 0.8511901470675927,
      "daac_gradient_boosting": 0.8509799959587796,
      "daac_mlp": 0.8608135791630085,
      "abl_A1_confidence_only": 0.8008844621314637,
      "abl_A2_verdict_only": 0.761000400160064,
      "abl_A3_disagreement_only": 0.8539881717545192,
      "abl_A4_verdict_confidence": 0.8255718954248366,
      "abl_A5_full": 0.8509799959587796
    }
  ],
  "aggregated": {
    "majority_vote": {
      "mean": 0.277428241262837,
      "std": 0.017792589533596262,
      "runs": [
        0.27492063492063495,
        0.2796945613214898,
        0.2775707989383203,
        0.31246499622567997,
        0.26442262739597944,
        0.2899283607248209,
        0.2737826021408111,
        0.2578417047761817,
        0.25151647406339145,
        0.2921396521210604
      ]
    },
    "weighted_mv": {
      "mean": 0.2664439371930422,
      "std": 0.012753613908696969,
      "runs": [
        0.2679873349245971,
        0.2666630183426506,
        0.2444105403929103,
        0.2776417399675569,
        0.25457118467789824,
        0.27328502226834245,
        0.2721716182751143,
        0.26629712417023726,
        0.2534768284100322,
        0.2879349605010828
      ]
    },
    "cobra": {
      "mean": 0.26640862418357525,
      "std": 0.0090192032866748,
      "runs": [
        0.26127897967697716,
        0.27123472845846425,
        0.25345176873928627,
        0.27051824964710625,
        0.2641455195429571,
        0.2777102599753345,
        0.27279492265398936,
        0.25938501335872266,
        0.25506812894649383,
        0.27849867083642094
      ]
    },
    "logistic_stacking": {
      "mean": 0.8500304571183138,
      "std": 0.016111837453338374,
      "runs": [
        0.8536343830461477,
        0.8316059221239204,
        0.8480478452383632,
        0.8680914431999359,
        0.8385159922905571,
        0.8248748714947135,
        0.8673495703199886,
        0.8502910592566795,
        0.8735982566230822,
        0.844295227589749
      ]
    },
    "daac_logistic_regression": {
      "mean": 0.8540532813104159,
      "std": 0.008700578678149244,