{
  "timestamp": "2026-03-04T16:43:04.071486",
  "mode": "PathA_fixed_dataset_repeated_split",
  "config": "experiments/configs/tmp_phase2_patha_case3_scale300_opensdi.yaml",
  "precollected_jsonl": "experiments/results/phase2_patha_case3_opensdi_scale300/patha_agent_outputs_fixed_seed42.jsonl",
  "collection_seed": 42,
  "split_protocol": {
    "strategy": "random",
    "split_seeds": [
      300,
      301,
      302,
      303,
      304,
      305,
      306,
      307,
      308,
      309
    ]
  },
  "split_seeds": [
    300,
    301,
    302,
    303,
    304,
    305,
    306,
    307,
    308,
    309
  ],
  "n_runs": 10,
  "runs": [
    {
      "split_strategy": "random",
      "split_seed": 300,
      "seed": 42,
      "phase1_best": "gradient_boosting",
      "phase2_best": "gradient_boosting",
      "phase1_best_f1": 0.4258813977091489,
      "phase2_best_f1": 0.411217437533227,
      "f1_diff": -0.01466396017592192,
      "mcnemar_statistic": 0.3076923076923077,
      "mcnemar_pvalue": 0.5790997419539188,
      "mcnemar_b": 8,
      "mcnemar_c": 5,
      "n_test_samples": 180,
      "significant": false,
      "elapsed_seconds": 54.65611982345581,
      "result_path": "experiments/results/phase2_patha_case3_opensdi_scale300/phase2_patha_results_20260304_163609.json"
    },
    {
      "split_strategy": "random",
      "split_seed": 301,
      "seed": 42,
      "phase1_best": "logistic_regression",
      "phase2_best": "gradient_boosting",
      "phase1_best_f1": 0.3698328312028248,
      "phase2_best_f1": 0.42779710144927535,
      "f1_diff": 0.05796427024645057,
      "mcnemar_statistic": 0.057971014492753624,
      "mcnemar_pvalue": 0.80973205979319,
      "mcnemar_b": 33,
      "mcnemar_c": 36,
      "n_test_samples": 180,
      "significant": false,
      "elapsed_seconds": 44.05658531188965,
      "result_path": "experiments/results/phase2_patha_case3_opensdi_scale300/phase2_patha_results_20260304_163653.json"
    },
    {
      "split_strategy": "random",
      "split_seed": 302,
      "seed": 42,
      "phase1_best": "gradient_boosting",
      "phase2_best": "mlp",
      "phase1_best_f1": 0.3777373114815334,
      "phase2_best_f1": 0.3567768016297428,
      "f1_diff": -0.0209605098517906,
      "mcnemar_statistic": 0.20253164556962025,
      "mcnemar_pvalue": 0.6526850882533246,
      "mcnemar_b": 37,
      "mcnemar_c": 42,
      "n_test_samples": 180,
      "significant": false,
      "elapsed_seconds": 43.845919132232666,
      "result_path": "experiments/results/phase2_patha_case3_opensdi_scale300/phase2_patha_results_20260304_163737.json"
    },
    {
      "split_strategy": "random",
      "split_seed": 303,
      "seed": 42,
      "phase1_best": "gradient_boosting",
      "phase2_best": "gradient_boosting",
      "phase1_best_f1": 0.42894545732523026,
      "phase2_best_f1": 0.4482895258222164,
      "f1_diff": 0.01934406849698611,
      "mcnemar_statistic": 0.17391304347826086,
      "mcnemar_pvalue": 0.6766573217164242,
      "mcnemar_b": 10,
      "mcnemar_c": 13,
      "n_test_samples": 180,
      "significant": false,
      "elapsed_seconds": 44.81573033332825,
      "result_path": "experiments/results/phase2_patha_case3_opensdi_scale300/phase2_patha_results_20260304_163822.json"
    },
    {
      "split_strategy": "random",
      "split_seed": 304,
      "seed": 42,
      "phase1_best": "gradient_boosting",
      "phase2_best": "gradient_boosting",
      "phase1_best_f1": 0.3661835748792271,
      "phase2_best_f1": 0.37210068600442936,
      "f1_diff": 0.005917111125202268,
      "mcnemar_statistic": 0.0,
      "mcnemar_pvalue": 1.0,
      "mcnemar_b": 5,
      "mcnemar_c": 6,
      "n_test_samples": 180,
      "significant": false,
      "elapsed_seconds": 45.24955344200134,
      "result_path": "experiments/results/phase2_patha_case3_opensdi_scale300/phase2_patha_results_20260304_163907.json"
    },
    {
      "split_strategy": "random",
      "split_seed": 305,
      "seed": 42,
      "phase1_best": "gradient_boosting",
      "phase2_best": "gradient_boosting",
      "phase1_best_f1": 0.465684049555725,
      "phase2_best_f1": 0.45774804905239685,
      "f1_diff": -0.007936000503328156,
      "mcnemar_statistic": 0.0,
      "mcnemar_pvalue": 1.0,
      "mcnemar_b": 13,
      "mcnemar_c": 12,
      "n_test_samples": 180,
      "significant": false,
      "elapsed_seconds": 46.614983797073364,
      "result_path": "experiments/results/phase2_patha_case3_opensdi_scale300/phase2_patha_results_20260304_163954.json"
    },
    {
      "split_strategy": "random",
      "split_seed": 306,
      "seed": 42,
      "phase1_best": "logistic_regression",
      "phase2_best": "mlp",
      "phase1_best_f1": 0.4204261806563598,
      "phase2_best_f1": 0.425671737483243,
      "f1_diff": 0.005245556826883213,
      "mcnemar_statistic": 0.1,
      "mcnemar_pvalue": 0.7518296340458492,
      "mcnemar_b": 5,
      "mcnemar_c": 5,
      "n_test_samples": 180,
      "significant": false,
      "elapsed_seconds": 48.687440156936646,
      "result_path": "experiments/results/phase2_patha_case3_opensdi_scale300/phase2_patha_results_20260304_164042.json"
    },
    {
      "split_strategy": "random",
      "split_seed": 307,
      "seed": 42,
      "phase1_best": "gradient_boosting",
      "phase2_best": "mlp",
      "phase1_best_f1": 0.44560413902727913,
      "phase2_best_f1": 0.3628787602241837,
      "f1_diff": -0.08272537880309544,
      "mcnemar_statistic": 0.22535211267605634,
      "mcnemar_pvalue": 0.6349917907446543,
      "mcnemar_b": 38,
      "mcnemar_c": 33,
      "n_test_samples": 180,
      "significant": false,
      "elapsed_seconds": 48.16671633720398,
      "result_path": "experiments/results/phase2_patha_case3_opensdi_scale300/phase2_patha_results_20260304_164130.json"
    },
    {
      "split_strategy": "random",
      "split_seed": 308,
      "seed": 42,
      "phase1_best": "mlp",
      "phase2_best": "mlp",
      "phase1_best_f1": 0.4336066697037375,
      "phase2_best_f1": 0.4378816412714717,
      "f1_diff": 0.004274971567734209,
      "mcnemar_statistic": 0.16666666666666666,
      "mcnemar_pvalue": 0.6830913983096086,
      "mcnemar_b": 3,
      "mcnemar_c": 3,
      "n_test_samples": 180,
      "significant": false,
      "elapsed_seconds": 49.20032334327698,
      "result_path": "experiments/results/phase2_patha_case3_opensdi_scale300/phase2_patha_results_20260304_164220.json"
    },
    {
      "split_strategy": "random",
      "split_seed": 309,
      "seed": 42,
      "phase1_best": "logistic_regression",
      "phase2_best": "gradient_boosting",
      "phase1_best_f1": 0.37592116315520574,
      "phase2_best_f1": 0.39409987443253164,
      "f1_diff": 0.0181787112773259,
      "mcnemar_statistic": 0.21333333333333335,
      "mcnemar_pvalue": 0.6441672226837103,
      "mcnemar_b": 40,
      "mcnemar_c": 35,
      "n_test_samples": 180,
      "significant": false,
      "elapsed_seconds": 43.77413272857666,
      "result_path": "experiments/results/phase2_patha_case3_opensdi_scale300/phase2_patha_results_20260304_164304.json"
    }
  ],
  "aggregate": {
    "phase1_best_f1_mean": 0.4109822774696271,
    "phase1_best_f1_std": 0.0337214729738224,
    "phase2_best_f1_mean": 0.4094461614902718,
    "phase2_best_f1_std": 0.034389528830874316,
    "f1_diff_mean": -0.0015361159793553848,
    "f1_diff_std": 0.03417976768161714,
    "f1_diff_min": -0.08272537880309544,
    "f1_diff_max": 0.05796427024645057,
    "significant_count": 0,
    "positive_count": 6,
    "negative_count": 4,
    "zero_count": 0,
    "sign_test_pvalue": 0.75390625,
    "negative_rate": 0.4,
    "downside_mean": 0.012628584933413612,
    "cvar_downside": 0.08272537880309544,
    "cvar_f1_diff": -0.08272537880309544,
    "worst_case_loss": 0.08272537880309544,
    "downside_cvar_alpha": 0.1,
    "pooled_mcnemar_b": 192,
    "pooled_mcnemar_c": 190,
    "pooled_mcnemar_statistic": 0.002617801047120419,